"","evt","cl","de","locX","locY","opt1","opt2","mtype","etype","opid","tid","pid","hs","vs","epid","oftid"
"1","2","12:00","Start Period","0","-80","0","0","0","12","","0","0","0","0","","0"
"2","4","11:57","Jump Ball Capela vs Love (Anderson gains possession)","0","-80","0","0","0","10","201567","1610612745","203991","0","0","201583","1610612745"
"3","7","11:37","[HOU] Anderson 3pt Shot: Missed","-218","130","3","0","1","2","","1610612745","201583","0","0","","1610612745"
"4","8","11:33","[HOU] Anderson Rebound (Off:1 Def:0)","-218","130","1","0","0","4","","1610612745","201583","0","0","","1610612745"
"5","9","11:28","[HOU 3-0] Ariza 3pt Shot: Made (3 PTS) Assist: Harden (1 AST)","226","46","3","0","1","1","","1610612745","2772","3","0","201935","1610612745"
"6","11","11:09","[CLE] Love Driving Layup Shot: Missed","28","33","2","0","6","2","203991","1610612739","201567","3","0","","1610612739"
"7","13","11:09","[CLE] Team Rebound","28","33","1","0","0","4","","1610612739","0","3","0","","1610612739"
"8","14","11:06","[CLE 3-3] Love 3pt Shot: Made (3 PTS) Assist: Crowder (1 AST)","-140","217","3","0","1","1","","1610612739","201567","3","3","203109","1610612739"
"9","16","10:45","[HOU 5-3] Harden Driving Finger Roll Layup Shot: Made (2 PTS)","-17","9","2","0","75","1","","1610612745","201935","5","3","","1610612745"
"10","17","10:28","[CLE 5-5] James Alley Oop Dunk Shot: Made (2 PTS) Assist: Love (1 AST)","0","3","2","0","52","1","","1610612739","2544","5","5","201567","1610612739"
"11","19","10:25","Stoppage: Blood Rule","0","-80","0","0","1","20","","0","0","5","5","","1610612745"
"12","20","10:12","[CLE] Love Violation:Kicked Ball","0","-80","0","0","5","7","","1610612739","201567","5","5","","1610612745"
"13","21","10:08","[CLE] James Foul: Personal (1 PF)","117","-28","0","0","1","6","2772","1610612739","2544","5","5","","1610612745"
"14","23","10:02","[HOU] Capela Hook Shot: Missed","0","88","2","0","3","2","","1610612745","203991","5","5","","1610612745"
"15","24","09:59","[HOU] Capela Rebound (Off:1 Def:0)","0","88","1","0","0","4","","1610612745","203991","5","5","","1610612745"
"16","25","09:56","[HOU] Gordon 3pt Shot: Missed","-5","284","3","0","1","2","","1610612745","201569","5","5","","1610612745"
"17","26","09:52","[CLE] Love Rebound (Off:0 Def:1)","-5","284","0","0","0","4","","1610612739","201567","5","5","","1610612745"
"18","27","09:45","[CLE 8-5] Love 3pt Shot: Made (6 PTS) Assist: James (1 AST)","-52","278","3","0","1","1","","1610612739","201567","5","8","2544","1610612739"
"19","29","09:37","[CLE] Crowder Foul: Shooting (1 PF)","56","649","0","0","2","6","201935","1610612739","203109","5","8","","1610612745"
"20","32","09:37","[HOU 6-8] Harden Free Throw 2 of 2 (3 PTS)","0","-80","1","0","12","3","","1610612745","201935","6","8","","1610612745"
"21","31","09:37","[HOU 7-8] Harden Free Throw 1 of 2 (4 PTS)","0","-80","1","0","11","3","","1610612745","201935","7","8","","1610612745"
"22","33","09:26","[CLE] Love Turnover : Out of Bounds Lost Ball Turnover (1 TO)","61","118","0","0","40","5","","1610612739","201567","7","8","","1610612739"
"23","34","09:14","[HOU 10-8] Ariza 3pt Shot: Made (6 PTS) Assist: Anderson (1 AST)","231","40","3","0","1","1","","1610612745","2772","10","8","201583","1610612745"
"24","36","09:01","[CLE 10-10] James Driving Dunk Shot: Made (4 PTS) Assist: Love (2 AST)","-2","13","2","0","9","1","","1610612739","2544","10","10","201567","1610612739"
"25","38","08:46","[HOU] Anderson 3pt Shot: Missed","-231","11","3","0","1","2","","1610612745","201583","10","10","","1610612745"
"26","39","08:42","[CLE] Crowder Rebound (Off:0 Def:1)","-231","11","0","0","0","4","","1610612739","203109","10","10","","1610612745"
"27","40","08:39","[CLE] James Turnover : Bad Pass (1 TO) Steal:Harden (1 ST)","6","155","1","0","1","5","201935","1610612739","2544","10","10","","1610612739"
"28","42","08:32","[HOU] Gordon 3pt Shot: Missed","185","189","3","0","1","2","","1610612745","201569","10","10","","1610612745"
"29","43","08:27","[HOU] Harden Rebound (Off:1 Def:0)","185","189","1","0","0","4","","1610612745","201935","10","10","","1610612745"
"30","44","08:23","[CLE] Shumpert Foul: Personal (1 PF)","-163","-34","0","0","1","6","201935","1610612739","202697","10","10","","1610612745"
"31","46","08:17","[HOU] Capela Turnover : Traveling (1 TO)","-115","30","0","0","4","5","","1610612745","203991","10","10","","1610612745"
"32","47","08:08","[CLE 13-10] Smith 3pt Shot: Made (3 PTS) Assist: Shumpert (1 AST)","180","184","3","0","1","1","","1610612739","2747","10","13","202697","1610612739"
"33","49","08:00","[HOU 12-13] Gordon Running Layup Shot: Made (2 PTS) Assist: Harden (2 AST)","3","12","2","1","41","1","","1610612745","201569","12","13","201935","1610612745"
"34","51","07:34","[CLE 15-12] Love Fadeaway Jump Shot: Made (8 PTS)","-131","23","2","0","63","1","","1610612739","201567","12","15","","1610612739"
"35","52","07:18","[HOU] Ariza 3pt Shot: Missed","234","8","3","0","1","2","","1610612745","2772","12","15","","1610612745"
"36","53","07:13","[HOU] Gordon Rebound (Off:1 Def:0)","234","8","1","0","0","4","","1610612745","201569","12","15","","1610612745"
"37","54","07:11","[HOU] Gordon Driving Dunk Shot: Missed","0","1","2","0","9","2","","1610612745","201569","12","15","","1610612745"
"38","55","07:08","[CLE] Crowder Rebound (Off:0 Def:2)","0","1","0","0","0","4","","1610612739","203109","12","15","","1610612745"
"39","56","07:05","[CLE 18-12] Shumpert 3pt Shot: Made (3 PTS)","142","204","3","1","1","1","","1610612739","202697","12","18","","1610612739"
"40","57","06:52","[HOU 14-18] Capela Alley Oop Dunk Shot: Made (2 PTS) Assist: Harden (3 AST)","4","-2","2","0","52","1","","1610612745","203991","14","18","201935","1610612745"
"41","59","06:50","[CLE] Team Timeout : Regular","0","-80","0","0","1","9","","1610612739","1610612739","14","18","","1610612739"
"42","61","06:50","[HOU] Anderson Substitution replaced by Tucker","0","-80","0","0","0","8","","1610612745","201583","14","18","200782","1610612739"
"43","62","06:42","[HOU] Tucker Foul: Personal (1 PF)","8","56","0","0","1","6","2544","1610612745","200782","14","18","","1610612739"
"44","64","06:38","Stoppage: Out-of-Bounds","0","-80","0","0","3","20","","0","0","14","18","","1610612739"
"45","65","06:29","[CLE] James Turnover : Lost Ball (2 TO) Steal:Harden (2 ST)","83","50","1","0","2","5","201935","1610612739","2544","14","18","","1610612739"
"46","67","06:26","[CLE] Smith Foul: Shooting (1 PF) (2 FTA)","-7","11","0","0","2","6","201935","1610612739","2747","14","18","","1610612745"
"47","69","06:26","[HOU 15-18] Harden Free Throw 1 of 2 (5 PTS)","0","-80","1","1","11","3","","1610612745","201935","15","18","","1610612745"
"48","70","06:26","[HOU 16-18] Harden Free Throw 2 of 2 (6 PTS)","0","-80","1","1","12","3","","1610612745","201935","16","18","","1610612745"
"49","71","06:12","[HOU] Harden Foul: Personal (1 PF)","-59","78","0","0","1","6","201567","1610612745","201935","16","18","","1610612739"
"50","74","06:12","[HOU] Capela Substitution replaced by Nene","0","-80","0","0","0","8","","1610612745","203991","16","18","2403","1610612739"
"51","75","06:07","[CLE] Love 3pt Shot: Missed","-221","34","3","0","1","2","","1610612739","201567","16","18","","1610612739"
"52","76","06:04","[HOU] Harden Rebound (Off:1 Def:1)","-221","34","0","0","0","4","","1610612745","201935","16","18","","1610612739"
"53","77","05:57","[HOU 18-18] Nene Driving Layup Shot: Made (2 PTS) Assist: Harden (4 AST)","-3","-4","2","0","6","1","","1610612745","2403","18","18","201935","1610612745"
"54","79","05:47","[CLE] Love Alley Oop Layup shot: Missed","7","13","2","0","43","2","","1610612739","201567","18","18","","1610612739"
"55","80","05:45","[HOU] Gordon Rebound (Off:1 Def:1)","7","13","0","0","0","4","","1610612745","201569","18","18","","1610612739"
"56","81","05:38","[HOU 21-18] Tucker 3pt Shot: Made (3 PTS) Assist: Ariza (1 AST)","226","5","3","0","1","1","","1610612745","200782","21","18","2772","1610612745"
"57","83","05:23","[CLE] Shumpert Pullup Jump shot: Missed","-158","134","2","0","79","2","","1610612739","202697","21","18","","1610612739"
"58","84","05:20","[HOU] Harden Rebound (Off:1 Def:2)","-158","134","0","0","0","4","","1610612745","201935","21","18","","1610612739"
"59","85","05:16","[CLE] Love Violation:Kicked Ball","0","-80","0","0","5","7","","1610612739","201567","21","18","","1610612745"
"60","87","05:16","[CLE] Shumpert Substitution replaced by Wade","0","-80","0","0","0","8","","1610612739","202697","21","18","2548","1610612745"
"61","88","05:06","[CLE] Love Foul: Personal (1 PF) (2 FTA)","32","4","0","0","1","6","2403","1610612739","201567","21","18","","1610612745"
"62","90","05:06","[HOU 22-18] Nene Free Throw 1 of 2 (3 PTS)","0","-80","1","0","11","3","","1610612745","2403","22","18","","1610612745"
"63","91","05:06","[HOU 23-18] Nene Free Throw 2 of 2 (4 PTS)","0","-80","1","0","12","3","","1610612745","2403","23","18","","1610612745"
"64","92","04:54","[HOU] Tucker Foul: Personal (2 PF)","6","191","0","0","1","6","2544","1610612745","200782","23","18","","1610612739"
"65","95","04:54","[HOU] Gordon Substitution replaced by Anderson","0","-80","0","0","0","8","","1610612745","201569","23","18","201583","1610612739"
"66","96","04:39","[CLE] Smith 3pt Shot: Missed","-173","303","3","0","1","2","","1610612739","2747","23","18","","1610612739"
"67","97","04:36","[HOU] Ariza Rebound (Off:0 Def:1)","-173","303","0","0","0","4","","1610612745","2772","23","18","","1610612739"
"68","98","04:30","[CLE] Crowder Foul: Shooting (2 PF) (2 FTA)","-32","779","0","0","2","6","2403","1610612739","203109","23","18","","1610612745"
"69","100","04:30","[HOU 24-18] Nene Free Throw 1 of 2 (5 PTS)","0","-80","1","0","11","3","","1610612745","2403","24","18","","1610612745"
"70","102","04:30","[CLE] Crowder Substitution replaced by Green","0","-80","0","0","0","8","","1610612739","203109","24","18","201145","1610612745"
"71","103","04:30","[HOU 25-18] Nene Free Throw 2 of 2 (6 PTS)","0","-80","1","0","12","3","","1610612745","2403","25","18","","1610612745"
"72","104","04:19","[CLE] James Turnover : Lost Ball (3 TO) Steal:Ariza (1 ST)","-150","277","1","0","2","5","2772","1610612739","2544","25","18","","1610612739"
"73","106","04:16","[HOU 27-18] Ariza Running Layup Shot: Made (8 PTS)","-2","14","2","1","41","1","","1610612745","2772","27","18","","1610612745"
"74","107","04:16","[CLE] Team Timeout : Regular","0","-80","0","0","1","9","","1610612739","1610612739","27","18","","1610612739"
"75","108","04:04","[CLE] James Turnover : Bad Pass (4 TO) Steal:Harden (3 ST)","-210","8","1","0","1","5","201935","1610612739","2544","27","18","","1610612739"
"76","110","03:52","[HOU] Nene Jump Shot: Missed","70","173","2","0","1","2","","1610612745","2403","27","18","","1610612745"
"77","111","03:52","[CLE] Team Rebound","70","173","0","0","0","4","","1610612739","0","27","18","","1610612745"
"78","112","03:52","[HOU] Anderson Foul: Loose Ball (1 PF)","-4","738","0","0","3","6","201567","1610612745","201583","27","18","","1610612739"
"79","114","03:44","[HOU] Anderson Foul: Shooting (2 PF) (2 FTA)","-123","713","0","0","2","6","2548","1610612745","201583","27","18","","1610612739"
"80","116","03:44","[CLE] Wade Free Throw 1 of 2 Missed","0","-80","2","0","11","3","","1610612739","2548","27","18","","1610612739"
"81","117","03:44","[CLE] Team Rebound","0","-80","1","0","1","4","","1610612739","0","27","18","","1610612739"
"82","118","03:44","[CLE] Wade Free Throw 2 of 2 Missed","0","-80","2","0","12","3","","1610612739","2548","27","18","","1610612739"
"83","119","03:41","[HOU] Harden Rebound (Off:1 Def:3)","0","-80","0","0","0","4","","1610612745","201935","27","18","","1610612739"
"84","120","03:37","[HOU 29-18] Tucker Jump Shot: Made (5 PTS) Assist: Harden (5 AST)","178","116","2","0","1","1","","1610612745","200782","29","18","201935","1610612745"
"85","122","03:17","[CLE 20-29] James Turnaround Fadeaway shot: Made (6 PTS) Assist: Love (3 AST)","-162","28","2","0","86","1","","1610612739","2544","29","20","201567","1610612739"
"86","124","03:09","[HOU] Ariza 3pt Shot: Missed","-201","147","3","0","1","2","","1610612745","2772","29","20","","1610612745"
"87","125","03:06","[CLE] James Rebound (Off:0 Def:1)","-201","147","0","0","0","4","","1610612739","2544","29","20","","1610612745"
"88","126","03:03","[CLE] James 3pt Shot: Missed","-119","225","3","0","1","2","","1610612739","2544","29","20","","1610612739"
"89","127","03:00","[HOU] Ariza Rebound (Off:0 Def:2)","-119","225","0","0","0","4","","1610612745","2772","29","20","","1610612739"
"90","128","02:55","[HOU] Harden 3pt Shot: Missed","-19","264","3","0","79","2","","1610612745","201935","29","20","","1610612745"
"91","129","02:52","[CLE] Wade Rebound (Off:0 Def:1)","-19","264","0","0","0","4","","1610612739","2548","29","20","","1610612745"
"92","130","02:39","[CLE] James Driving Layup Shot: Missed","-18","25","2","0","6","2","","1610612739","2544","29","20","","1610612739"
"93","131","02:37","[HOU] Nene Rebound (Off:0 Def:1)","-18","25","0","0","0","4","","1610612745","2403","29","20","","1610612739"
"94","132","02:32","[CLE] Love Violation:Kicked Ball","0","-80","0","0","5","7","","1610612739","201567","29","20","","1610612745"
"95","135","02:32","[CLE] Smith Substitution replaced by Korver","0","-80","0","0","0","8","","1610612739","2747","29","20","2594","1610612745"
"96","136","02:32","[CLE] James Substitution replaced by Shumpert","0","-80","0","0","0","8","","1610612739","2544","29","20","202697","1610612745"
"97","137","02:16","[HOU] Tucker 3pt Shot: Missed","178","183","3","0","1","2","","1610612745","200782","29","20","","1610612745"
"98","138","02:13","[CLE] Love Rebound (Off:0 Def:2)","178","183","0","0","0","4","","1610612739","201567","29","20","","1610612745"
"99","139","02:05","[CLE] Wade Turnover : Bad Pass (1 TO) Steal:Harden (4 ST)","-64","73","1","0","1","5","201935","1610612739","2548","29","20","","1610612739"
"100","141","02:02","[HOU 31-20] Harden Running Layup Shot: Made (8 PTS)","11","14","2","1","41","1","","1610612745","201935","31","20","","1610612745"
"101","142","01:50","[CLE 23-31] Korver 3pt Shot: Made (3 PTS) Assist: Shumpert (2 AST)","88","245","3","0","1","1","","1610612739","2594","31","23","202697","1610612739"
"102","144","01:31","[CLE] Love Violation:Kicked Ball","0","-80","0","0","5","7","","1610612739","201567","31","23","","1610612745"
"103","146","01:31","[CLE] Love Substitution replaced by Frye","0","-80","0","0","0","8","","1610612739","201567","31","23","101112","1610612745"
"104","147","01:26","[HOU] Harden 3pt Shot: Missed","211","137","3","0","1","2","","1610612745","201935","31","23","","1610612745"
"105","148","01:26","[CLE] Team Rebound","211","137","0","0","0","4","","1610612739","0","31","23","","1610612745"
"106","149","01:16","[HOU] Ariza Foul: Personal (1 PF) (2 FTA)","-145","134","0","0","1","6","2548","1610612745","2772","31","23","","1610612739"
"107","151","01:16","[CLE 24-31] Wade Free Throw 1 of 2 (1 PTS)","0","-80","1","0","11","3","","1610612739","2548","31","24","","1610612739"
"108","152","01:16","[CLE 25-31] Wade Free Throw 2 of 2 (2 PTS)","0","-80","1","0","12","3","","1610612739","2548","31","25","","1610612739"
"109","153","01:02","[HOU 34-25] Harden 3pt Shot: Made (11 PTS) Assist: Anderson (2 AST)","-126","247","3","0","1","1","","1610612745","201935","34","25","201583","1610612745"
"110","155","00:48.8","[CLE] Korver Jump Shot: Missed","-199","38","2","0","1","2","","1610612739","2594","34","25","","1610612739"
"111","156","00:45.3","[HOU] Ariza Rebound (Off:0 Def:3)","-199","38","0","0","0","4","","1610612745","2772","34","25","","1610612739"
"112","157","00:41.3","[HOU] Nene Foul: Offensive Charge (1 PF)","2","227","0","0","26","6","201145","1610612745","2403","34","25","","1610612745"
"113","159","00:41.3","[HOU] Nene Turnover : Offensive Foul Turnover (1 TO)","2","227","0","0","37","5","","1610612745","2403","34","25","","1610612745"
"114","160","00:33.4","[CLE] Korver 3pt Shot: Missed","-41","251","3","0","1","2","","1610612739","2594","34","25","","1610612739"
"115","161","00:30.4","[HOU] Harden Rebound (Off:1 Def:4)","-41","251","0","0","0","4","","1610612745","201935","34","25","","1610612739"
"116","162","00:09.0","[HOU] Ariza 3pt Shot: Missed","230","3","3","0","1","2","","1610612745","2772","34","25","","1610612745"
"117","163","00:06.6","[HOU] Anderson Rebound (Off:2 Def:0)","230","3","1","0","0","4","","1610612745","201583","34","25","","1610612745"
"118","164","00:06.2","[HOU 36-25] Anderson Reverse Layup Shot: Made (2 PTS)","5","4","2","0","44","1","","1610612745","201583","36","25","","1610612745"
"119","165","00:00.0","[CLE] Wade Floating Jump shot: Missed","2","80","2","0","78","2","","1610612739","2548","36","25","","1610612739"
"120","166","00:00.0","[CLE] Team Rebound","2","80","1","0","0","4","","1610612739","0","36","25","","1610612739"
"121","167","00:00.0","End Period","0","-80","0","0","0","13","","0","0","36","25","","1610612739"
"122","174","12:00","Start Period","0","-80","0","0","0","12","","0","0","36","25","","1610612739"
"123","175","11:50","[CLE] Wade Turnover : Lost Ball (2 TO) Steal:Tucker (1 ST)","-177","330","1","0","2","5","200782","1610612739","2548","36","25","","1610612739"
"124","177","11:45","[HOU 39-25] Anderson 3pt Shot: Made (5 PTS) Assist: Brown (1 AST)","-166","209","3","0","1","1","","1610612745","201583","39","25","201628","1610612745"
"125","179","11:30","[CLE] Green Driving Layup Shot: Missed","11","31","2","0","6","2","","1610612739","201145","39","25","","1610612739"
"126","180","11:27","[HOU] Capela Rebound (Off:1 Def:1)","11","31","0","0","0","4","","1610612745","203991","39","25","","1610612739"
"127","181","11:21","[HOU 42-25] Gordon 3pt Shot: Made (5 PTS) Assist: Brown (2 AST)","-177","227","3","0","1","1","","1610612745","201569","42","25","201628","1610612745"
"128","183","11:12","[HOU] Capela Foul: Personal (1 PF)","83","152","0","0","1","6","2548","1610612745","203991","42","25","","1610612739"
"129","185","11:04","[CLE 27-42] Frye Jump Shot: Made (2 PTS) Assist: Shumpert (3 AST)","56","198","2","0","1","1","","1610612739","101112","42","27","202697","1610612739"
"130","187","10:48","[HOU 44-27] Gordon Cutting Layup Shot: Made (7 PTS) Assist: Anderson (3 AST)","-19","6","2","0","98","1","","1610612745","201569","44","27","201583","1610612745"
"131","189","10:48","[CLE] Frye Foul: Shooting (1 PF) (1 FTA)","-20","26","0","0","2","6","201569","1610612739","101112","44","27","","1610612739"
"132","191","10:48","[HOU 45-27] Gordon Free Throw 1 of 1 (8 PTS)","0","-80","1","0","10","3","","1610612745","201569","45","27","","1610612745"
"133","192","10:34","[CLE 29-45] Green Cutting Dunk Shot: Made (2 PTS) Assist: Wade (1 AST)","3","21","2","0","108","1","","1610612739","201145","45","29","2548","1610612739"
"134","194","10:09","[HOU] Tucker Foul: Offensive Charge (3 PF)","150","62","0","0","26","6","2594","1610612745","200782","45","29","","1610612745"
"135","196","10:09","[HOU] Tucker Turnover : Offensive Foul Turnover (1 TO)","150","62","0","0","37","5","","1610612745","200782","45","29","","1610612745"
"136","197","09:50","[CLE 31-45] Green Driving Hook Shot: Made (4 PTS)","-5","63","2","0","57","1","","1610612739","201145","45","31","","1610612739"
"137","198","09:39","[HOU] Brown Turnover : Bad Pass (1 TO) Steal:Green (1 ST)","-65","205","1","0","1","5","201145","1610612745","201628","45","31","","1610612745"
"138","200","09:36","[CLE 33-45] Green Floating Jump shot: Made (6 PTS)","1","18","2","0","78","1","","1610612739","201145","45","33","","1610612739"
"139","201","09:36","[HOU] Brown Foul: Shooting (1 PF) (1 FTA)","3","31","0","0","2","6","201145","1610612745","201628","45","33","","1610612745"
"140","204","09:36","[HOU] Tucker Substitution replaced by Ariza","0","-80","0","0","0","8","","1610612745","200782","45","33","2772","1610612745"
"141","205","09:36","[CLE 34-45] Green Free Throw 1 of 1 (7 PTS)","0","-80","1","0","10","3","","1610612739","201145","45","34","","1610612739"
"142","206","09:24","[HOU 48-34] Gordon 3pt Shot: Made (11 PTS)","124","257","3","0","79","1","","1610612745","201569","48","34","","1610612745"
"143","207","09:08","[CLE 36-48] Green Driving Bank Hook Shot: Made (9 PTS)","51","56","2","0","93","1","","1610612739","201145","48","36","","1610612739"
"144","208","08:57","[HOU 50-36] Capela Dunk Shot: Made (4 PTS) Assist: Ariza (2 AST)","-8","6","2","0","7","1","","1610612745","203991","50","36","2772","1610612745"
"145","210","08:45","[CLE] Wade Turnaround Fadeaway shot: Missed","0","113","2","0","86","2","","1610612739","2548","50","36","","1610612739"
"146","211","08:42","[HOU] Capela Rebound (Off:1 Def:2)","0","113","0","0","0","4","","1610612745","203991","50","36","","1610612739"
"147","212","08:31","[HOU 53-36] Gordon 3pt Shot: Made (14 PTS)","81","268","3","0","1","1","","1610612745","201569","53","36","","1610612745"
"148","213","08:30","[CLE] Team Timeout : Regular","0","-80","0","0","1","9","","1610612739","1610612739","53","36","","1610612739"
"149","215","08:30","[CLE] Wade Substitution replaced by James","0","-80","0","0","0","8","","1610612739","2548","53","36","2544","1610612739"
"150","216","08:14","[CLE 38-53] James Turnaround Hook Shot: Made (8 PTS)","16","45","2","0","58","1","","1610612739","2544","53","38","","1610612739"
"151","217","08:02","[HOU] Gordon Turnover : Traveling (1 TO)","205","159","0","0","4","5","","1610612745","201569","53","38","","1610612745"
"152","218","07:47","[CLE 41-53] Green 3pt Shot: Made (12 PTS) Assist: Frye (1 AST)","232","19","3","0","1","1","","1610612739","201145","53","41","101112","1610612739"
"153","220","07:29","[HOU 55-41] Ariza Cutting Layup Shot: Made (10 PTS) Assist: Capela (1 AST)","0","0","2","0","98","1","","1610612745","2772","55","41","203991","1610612745"
"154","222","07:11","[CLE] James Turnover : Bad Pass (5 TO) Steal:Anderson (1 ST)","-93","173","1","0","1","5","201583","1610612739","2544","55","41","","1610612739"
"155","224","06:57","[HOU] Gordon 3pt Shot: Missed","206","197","3","0","1","2","","1610612745","201569","55","41","","1610612745"
"156","225","06:54","[HOU] Anderson Rebound (Off:3 Def:0)","206","197","1","0","0","4","","1610612745","201583","55","41","","1610612745"
"157","226","06:53","[HOU] Anderson Layup Shot: Missed","6","12","2","0","5","2","","1610612745","201583","55","41","","1610612745"
"158","227","06:51","[CLE] Korver Rebound (Off:0 Def:1)","6","12","0","0","0","4","","1610612739","2594","55","41","","1610612745"
"159","228","06:42","[CLE 43-55] Green Driving Bank Hook Shot: Made (14 PTS) Assist: Shumpert (4 AST)","16","19","2","0","93","1","","1610612739","201145","55","43","202697","1610612739"
"160","230","06:41","[HOU] Team Timeout : Regular","0","-80","0","0","1","9","","1610612745","1610612745","55","43","","1610612745"
"161","234","06:41","[HOU] Brown Substitution replaced by Harden","0","-80","0","0","0","8","","1610612745","201628","55","43","201935","1610612745"
"162","235","06:41","[CLE] Frye Substitution replaced by Crowder","0","-80","0","0","0","8","","1610612739","101112","55","43","203109","1610612745"
"163","236","06:41","[CLE] Korver Substitution replaced by Smith","0","-80","0","0","0","8","","1610612739","2594","55","43","2747","1610612745"
"164","237","06:27","[HOU] Capela Turnover : Bad Pass (2 TO)","22","92","0","0","1","5","","1610612745","203991","55","43","","1610612745"
"165","238","06:14","[CLE 45-55] James Driving Layup Shot: Made (10 PTS)","7","18","2","0","6","1","","1610612739","2544","55","45","","1610612739"
"166","239","05:52","[HOU] Anderson Turnover : Lost Ball (1 TO) Steal:Shumpert (1 ST)","169","105","1","0","2","5","202697","1610612745","201583","55","45","","1610612745"
"167","241","05:47","[CLE 47-55] Green Running Dunk Shot: Made (16 PTS) Assist: Shumpert (5 AST)","-10","15","2","1","50","1","","1610612739","201145","55","47","202697","1610612739"
"168","243","05:33","[HOU] Harden Foul: Offensive Charge (2 PF)","-49","58","0","0","26","6","201145","1610612745","201935","55","47","","1610612745"
"169","245","05:33","[HOU] Harden Turnover : Offensive Foul Turnover (1 TO)","-49","58","0","0","37","5","","1610612745","201935","55","47","","1610612745"
"170","248","05:33","[HOU] Capela Substitution replaced by Nene","0","-80","0","0","0","8","","1610612745","203991","55","47","2403","1610612739"
"171","249","05:33","[CLE] Shumpert Substitution replaced by Love","0","-80","0","0","0","8","","1610612739","202697","55","47","201567","1610612739"
"172","250","05:16","[CLE 49-55] James Pullup Jump shot: Made (12 PTS)","-105","173","2","0","79","1","","1610612739","2544","55","49","","1610612739"
"173","252","05:00","[CLE] Smith Foul: Shooting (2 PF) (2 FTA)","0","827","0","0","2","6","201935","1610612739","2747","55","49","","1610612745"
"174","254","05:00","[HOU 56-49] Harden Free Throw 1 of 2 (12 PTS)","0","-80","1","0","11","3","","1610612745","201935","56","49","","1610612745"
"175","255","05:00","[HOU 57-49] Harden Free Throw 2 of 2 (13 PTS)","0","-80","1","0","12","3","","1610612745","201935","57","49","","1610612745"
"176","256","04:49","[HOU] Ariza Foul: Shooting (2 PF) (2 FTA)","33","62","0","0","2","6","2544","1610612745","2772","57","49","","1610612739"
"177","258","04:49","[CLE 50-57] James Free Throw 1 of 2 (13 PTS)","0","-80","1","0","11","3","","1610612739","2544","57","50","","1610612739"
"178","260","04:49","[HOU] Anderson Substitution replaced by Tucker","0","-80","0","0","0","8","","1610612745","201583","57","50","200782","1610612739"
"179","261","04:49","[CLE 51-57] James Free Throw 2 of 2 (14 PTS)","0","-80","1","0","12","3","","1610612739","2544","57","51","","1610612739"
"180","262","04:44","[HOU] Gordon 3pt Shot: Missed","192","194","3","0","1","2","","1610612745","201569","57","51","","1610612745"
"181","263","04:39","[CLE] Green Rebound (Off:0 Def:1)","192","194","0","0","0","4","","1610612739","201145","57","51","","1610612745"
"182","264","04:37","[CLE 53-57] Green Running Dunk Shot: Made (18 PTS)","2","15","2","1","50","1","","1610612739","201145","57","53","","1610612739"
"183","265","04:28","[CLE] Green Foul: Shooting (1 PF) (2 FTA)","6","772","0","0","2","6","201935","1610612739","201145","57","53","","1610612745"
"184","267","04:28","[HOU 58-53] Harden Free Throw 1 of 2 (14 PTS)","0","-80","1","0","11","3","","1610612745","201935","58","53","","1610612745"
"185","268","04:28","[HOU 59-53] Harden Free Throw 2 of 2 (15 PTS)","0","-80","1","0","12","3","","1610612745","201935","59","53","","1610612745"
"186","269","04:13","[CLE] James Turnover : Backcourt Turnover (6 TO)","150","465","0","0","13","5","","1610612739","2544","59","53","","1610612739"
"187","344","04:13","[CLE] Team Violation : Delay Of Game","0","-80","0","0","1","7","","1610612739","0","59","53","","1610612745"
"188","271","04:07","[HOU] Harden Turnover : Bad Pass (2 TO) Steal:Green (2 ST)","4","231","1","0","1","5","201145","1610612745","201935","59","53","","1610612745"
"189","273","04:07","[HOU] Ariza Foul: Personal (3 PF)","27","529","0","0","1","6","201145","1610612745","2772","59","53","","1610612739"
"190","275","03:58","[HOU] Nene Foul: Personal (2 PF) (2 FTA)","-114","46","0","0","1","6","201567","1610612745","2403","59","53","","1610612739"
"191","277","03:58","[CLE 54-59] Love Free Throw 1 of 2 (9 PTS)","0","-80","1","0","11","3","","1610612739","201567","59","54","","1610612739"
"192","278","03:58","[CLE 55-59] Love Free Throw 2 of 2 (10 PTS)","0","-80","1","0","12","3","","1610612739","201567","59","55","","1610612739"
"193","279","03:47","[HOU 61-55] Nene Cutting Dunk Shot: Made (8 PTS) Assist: Harden (6 AST)","11","1","2","0","108","1","","1610612745","2403","61","55","201935","1610612745"
"194","281","03:39","[CLE] Smith 3pt Shot: Missed","-226","29","3","0","1","2","","1610612739","2747","61","55","","1610612739"
"195","282","03:36","[HOU] Harden Rebound (Off:1 Def:5)","-226","29","0","0","0","4","","1610612745","201935","61","55","","1610612739"
"196","283","03:28","[HOU] Tucker 3pt Shot: Missed","227","12","3","0","1","2","","1610612745","200782","61","55","","1610612745"
"197","284","03:26","[CLE] Crowder Rebound (Off:0 Def:3)","227","12","0","0","0","4","","1610612739","203109","61","55","","1610612745"
"198","285","03:20","[CLE] Love 3pt Shot: Missed","-136","210","3","0","1","2","","1610612739","201567","61","55","","1610612739"
"199","286","03:17","[HOU] Ariza Rebound (Off:0 Def:4)","-136","210","0","0","0","4","","1610612745","2772","61","55","","1610612739"
"200","287","03:07","[HOU] Ariza 3pt Shot: Missed","143","219","3","0","1","2","","1610612745","2772","61","55","","1610612745"
"201","288","03:05","[CLE] James Rebound (Off:0 Def:2)","143","219","0","0","0","4","","1610612739","2544","61","55","","1610612745"
"202","289","03:01","[CLE 57-61] James Dunk Shot: Made (16 PTS) Assist: Smith (1 AST)","2","13","2","1","7","1","","1610612739","2544","61","57","2747","1610612739"
"203","291","02:38","[HOU] Gordon Turnover : Bad Pass (2 TO) Steal:Love (1 ST)","6","258","1","0","1","5","201567","1610612745","201569","61","57","","1610612745"
"204","294","02:38","[CLE] Smith Substitution replaced by Shumpert","0","-80","0","0","0","8","","1610612739","2747","61","57","202697","1610612739"
"205","295","02:34","Jump Ball Love vs Tucker (James gains possession)","0","-80","0","0","0","10","200782","1610612739","201567","61","57","2544","1610612739"
"206","298","02:28","[CLE 59-61] James Driving Finger Roll Layup Shot: Made (18 PTS)","-3","19","2","0","75","1","","1610612739","2544","61","59","","1610612739"
"207","299","02:17","[CLE] Shumpert Foul: Personal (2 PF)","-177","184","0","0","1","6","201935","1610612739","202697","61","59","","1610612745"
"208","302","02:17","[HOU] Tucker Substitution replaced by Anderson","0","-80","0","0","0","8","","1610612745","200782","61","59","201583","1610612745"
"209","303","02:07","[HOU] Nene Turnover : Out of Bounds Lost Ball Turnover (2 TO)","-72","79","0","0","40","5","","1610612745","2403","61","59","","1610612745"
"210","304","01:47","[CLE] Love Turnover : Lost Ball (2 TO) Steal:Harden (5 ST)","78","72","1","0","2","5","201935","1610612739","201567","61","59","","1610612739"
"211","306","01:45","[HOU] Nene Foul: Offensive Charge (3 PF)","-90","177","0","0","26","6","202697","1610612745","2403","61","59","","1610612745"
"212","308","01:45","[HOU] Nene Turnover : Offensive Foul Turnover (3 TO)","-90","177","0","0","37","5","","1610612745","2403","61","59","","1610612745"
"213","309","01:45","[HOU] Team Violation : Delay Of Game","0","-80","0","0","1","7","","1610612745","0","61","59","","1610612739"
"214","311","01:45","[HOU] Nene Substitution replaced by Capela","0","-80","0","0","0","8","","1610612745","2403","61","59","203991","1610612739"
"215","312","01:21","[CLE 61-61] Love Driving Layup Shot: Made (12 PTS)","8","17","2","0","6","1","","1610612739","201567","61","61","","1610612739"
"216","313","01:05","[HOU] Harden 3pt Shot: Missed","135","222","3","0","1","2","","1610612745","201935","61","61","","1610612745"
"217","314","01:03","[CLE] Shumpert Rebound (Off:0 Def:1)","135","222","0","0","0","4","","1610612739","202697","61","61","","1610612745"
"218","315","01:00","[HOU] Harden Foul: Personal (3 PF) (2 FTA)","1","61","0","0","1","6","201145","1610612745","201935","61","61","","1610612739"
"219","317","01:00","[CLE 62-61] Green Free Throw 1 of 2 (19 PTS)","0","-80","1","0","11","3","","1610612739","201145","61","62","","1610612739"
"220","320","01:00","[CLE] Shumpert Substitution replaced by Korver","0","-80","0","0","0","8","","1610612739","202697","61","62","2594","1610612739"
"221","321","01:00","[CLE] Crowder Substitution replaced by Wade","0","-80","0","0","0","8","","1610612739","203109","61","62","2548","1610612739"
"222","322","01:00","[CLE 63-61] Green Free Throw 2 of 2 (20 PTS)","0","-80","1","0","12","3","","1610612739","201145","61","63","","1610612739"
"223","323","00:51.3","[CLE] James Foul: Shooting (2 PF) (2 FTA)","-20","35","0","0","2","6","203991","1610612739","2544","61","63","","1610612745"
"224","325","00:51.3","[HOU 62-63] Capela Free Throw 1 of 2 (5 PTS)","0","-80","1","0","11","3","","1610612745","203991","62","63","","1610612745"
"225","326","00:51.3","[HOU 63-63] Capela Free Throw 2 of 2 (6 PTS)","0","-80","1","0","12","3","","1610612745","203991","63","63","","1610612745"
"226","327","00:44.1","[CLE 65-63] James Driving Dunk Shot: Made (20 PTS)","-4","15","2","0","9","1","","1610612739","2544","63","65","","1610612739"
"227","328","00:35.9","[HOU] Harden Turnover : Bad Pass (3 TO) Steal:Wade (1 ST)","-16","266","1","0","1","5","2548","1610612745","201935","63","65","","1610612745"
"228","330","00:30.5","[CLE] James Layup Shot: Missed","-18","26","2","0","5","2","203991","1610612739","2544","63","65","","1610612739"
"229","332","00:27.4","[CLE] Love Rebound (Off:1 Def:2)","-18","26","1","0","0","4","","1610612739","201567","63","65","","1610612739"
"230","333","00:24.6","[CLE 67-63] James Cutting Layup Shot: Made (22 PTS) Assist: Wade (2 AST)","0","10","2","0","98","1","","1610612739","2544","63","67","2548","1610612739"
"231","335","00:03.3","[CLE] Green Foul: Shooting (2 PF) (2 FTA)","79","789","0","0","2","6","201935","1610612739","201145","63","67","","1610612745"
"232","337","00:03.3","[HOU 64-67] Harden Free Throw 1 of 2 (16 PTS)","0","-80","1","0","11","3","","1610612745","201935","64","67","","1610612745"
"233","339","00:03.3","[CLE] Green Substitution replaced by Smith","0","-80","0","0","0","8","","1610612739","201145","64","67","2747","1610612745"
"234","340","00:03.3","[HOU 65-67] Harden Free Throw 2 of 2 (17 PTS)","0","-80","1","0","12","3","","1610612745","201935","65","67","","1610612745"
"235","341","00:00.0","[CLE] Smith 3pt Shot: Missed","-124","338","3","0","79","2","","1610612739","2747","65","67","","1610612739"
"236","342","00:00.0","[CLE] Team Rebound","-124","338","1","0","0","4","","1610612739","0","65","67","","1610612739"
"237","343","00:00.0","End Period","0","-80","0","0","0","13","","0","0","65","67","","1610612739"
"238","349","12:00","Start Period","0","-80","0","0","0","12","","0","0","65","67","","1610612739"
"239","350","11:46","[CLE] James Turnaround Fadeaway shot: Missed","-136","21","2","0","86","2","","1610612739","2544","65","67","","1610612739"
"240","351","11:43","[HOU] Capela Rebound (Off:1 Def:3)","-136","21","0","0","0","4","","1610612745","203991","65","67","","1610612739"
"241","352","11:33","[CLE] Love Foul: Personal (2 PF)","-5","38","0","0","1","6","203991","1610612739","201567","65","67","","1610612745"
"242","354","11:18","[HOU] Harden Step Back Jump shot: Missed","-123","104","2","0","80","2","","1610612745","201935","65","67","","1610612745"
"243","355","11:15","[CLE] Crowder Rebound (Off:0 Def:4)","-123","104","0","0","0","4","","1610612739","203109","65","67","","1610612745"
"244","356","11:03","[CLE] James Turnaround Fadeaway shot: Missed","138","12","2","0","86","2","","1610612739","2544","65","67","","1610612739"
"245","357","11:01","[HOU] Capela Rebound (Off:1 Def:4)","138","12","0","0","0","4","","1610612745","203991","65","67","","1610612739"
"246","358","10:57","[HOU 68-67] Gordon 3pt Shot: Made (17 PTS) Assist: Harden (7 AST)","157","245","3","0","1","1","","1610612745","201569","68","67","201935","1610612745"
"247","360","10:38","[CLE] Smith 3pt Shot: Missed","194","169","3","0","1","2","","1610612739","2747","68","67","","1610612739"
"248","361","10:36","[HOU] Harden Rebound (Off:1 Def:6)","194","169","0","0","0","4","","1610612745","201935","68","67","","1610612739"
"249","362","10:28","[HOU] Anderson 3pt Shot: Missed","-187","212","3","0","1","2","","1610612745","201583","68","67","","1610612745"
"250","363","10:25","[CLE] Love Rebound (Off:1 Def:3)","-187","212","0","0","0","4","","1610612739","201567","68","67","","1610612745"
"251","364","10:20","[CLE] Shumpert 3pt Shot: Missed","172","189","3","0","1","2","","1610612739","202697","68","67","","1610612739"
"252","365","10:18","[HOU] Capela Rebound (Off:1 Def:5)","172","189","0","0","0","4","","1610612745","203991","68","67","","1610612739"
"253","366","10:07","[HOU 71-67] Ariza 3pt Shot: Made (13 PTS) Assist: Harden (8 AST)","231","17","3","0","1","1","","1610612745","2772","71","67","201935","1610612745"
"254","368","10:07","[CLE] Love Foul: Shooting (3 PF) (1 FTA)","231","12","0","0","2","6","2772","1610612739","201567","71","67","","1610612739"
"255","370","10:07","[HOU 72-67] Ariza Free Throw 1 of 1 (14 PTS)","0","-80","1","0","10","3","","1610612745","2772","72","67","","1610612745"
"256","371","09:54","[HOU] Capela Foul: Personal (2 PF)","-66","62","0","0","1","6","201567","1610612745","203991","72","67","","1610612739"
"257","373","09:52","[CLE] Crowder Turnover : Out of Bounds - Bad Pass Turnover (1 TO)","-106","262","0","0","45","5","","1610612739","203109","72","67","","1610612739"
"258","374","09:45","[HOU] Anderson Turnover : Bad Pass (2 TO)","134","191","0","0","1","5","","1610612745","201583","72","67","","1610612745"
"259","375","09:38","[CLE] Love Driving Layup Shot: Missed","-44","38","2","0","6","2","203991","1610612739","201567","72","67","","1610612739"
"260","377","09:34","[CLE] Crowder Rebound (Off:1 Def:4)","-44","38","1","0","0","4","","1610612739","203109","72","67","","1610612739"
"261","378","09:31","[CLE 70-72] Crowder 3pt Shot: Made (3 PTS)","-51","274","3","0","1","1","","1610612739","203109","72","70","","1610612739"
"262","379","09:24","[CLE] Crowder Foul: Personal (3 PF)","-37","101","0","0","1","6","203991","1610612739","203109","72","70","","1610612745"
"263","381","09:20","[CLE] Shumpert Foul: Personal (3 PF)","-158","139","0","0","1","6","2772","1610612739","202697","72","70","","1610612745"
"264","383","09:16","[CLE] Love Foul: Personal (4 PF) (2 FTA)","-216","50","0","0","1","6","2772","1610612739","201567","72","70","","1610612745"
"265","385","09:16","[HOU 73-70] Ariza Free Throw 1 of 2 (15 PTS)","0","-80","1","0","11","3","","1610612745","2772","73","70","","1610612745"
"266","387","09:16","[CLE] Love Substitution replaced by Green","0","-80","0","0","0","8","","1610612739","201567","73","70","201145","1610612745"
"267","388","09:16","[HOU] Ariza Free Throw 2 of 2 Missed","0","-80","2","0","12","3","","1610612745","2772","73","70","","1610612745"
"268","389","09:14","[CLE] Green Rebound (Off:0 Def:2)","0","-80","0","0","0","4","","1610612739","201145","73","70","","1610612745"
"269","390","09:03","[CLE 72-73] Shumpert Cutting Layup Shot: Made (5 PTS) Assist: James (2 AST)","11","11","2","0","98","1","","1610612739","202697","73","72","2544","1610612739"
"270","392","08:47","[HOU 76-72] Harden 3pt Shot: Made (20 PTS)","79","270","3","0","80","1","","1610612745","201935","76","72","","1610612745"
"271","393","08:26","[CLE 74-76] Smith Driving Layup Shot: Made (5 PTS) Assist: Green (1 AST)","2","15","2","0","6","1","","1610612739","2747","76","74","201145","1610612739"
"272","395","08:10","Stoppage: Out-of-Bounds","0","-80","0","0","3","20","","0","0","76","74","","1610612745"
"273","396","07:59","[HOU 79-74] Harden 3pt Shot: Made (23 PTS)","65","268","3","0","80","1","","1610612745","201935","79","74","","1610612745"
"274","397","07:40","[CLE] Crowder Jump Shot: Missed","-182","110","2","0","1","2","","1610612739","203109","79","74","","1610612739"
"275","398","07:37","[HOU] Anderson Rebound (Off:3 Def:1)","-182","110","0","0","0","4","","1610612745","201583","79","74","","1610612739"
"276","399","07:26","[HOU 81-74] Capela Turnaround Hook Shot: Made (8 PTS) Assist: Harden (9 AST)","2","51","2","0","58","1","","1610612745","203991","81","74","201935","1610612745"
"277","401","07:26","[CLE] Team Timeout : Regular","0","-80","0","0","1","9","","1610612739","1610612739","81","74","","1610612739"
"278","402","07:11","[HOU] Capela Foul: Defense 3 Second (3 PF) (1 FTA)","0","-80","0","0","17","6","","1610612745","203991","81","74","","1610612739"
"279","403","07:11","[CLE] James Free Throw Technical Missed","0","-80","2","0","16","3","","1610612739","2544","81","74","","1610612739"
"280","404","07:11","[CLE] Team Rebound","0","-80","1","0","1","4","","1610612739","0","81","74","","1610612739"
"281","405","07:06","[CLE 77-81] Smith 3pt Shot: Made (8 PTS) Assist: James (3 AST)","236","26","3","0","1","1","","1610612739","2747","81","77","2544","1610612739"
"282","407","06:42","[HOU 84-77] Harden 3pt Shot: Made (26 PTS)","-138","214","3","0","80","1","","1610612745","201935","84","77","","1610612745"
"283","408","06:34","[HOU] Gordon Foul: Personal (1 PF)","-153","153","0","0","1","6","203109","1610612745","201569","84","77","","1610612739"
"284","411","06:34","[HOU] Anderson Substitution replaced by Tucker","0","-80","0","0","0","8","","1610612745","201583","84","77","200782","1610612739"
"285","412","06:26","[CLE 80-84] Smith 3pt Shot: Made (11 PTS)","-228","19","3","0","80","1","","1610612739","2747","84","80","","1610612739"
"286","413","06:15","[HOU] Gordon Turnover : Bad Pass (3 TO) Steal:Green (3 ST)","90","104","1","0","1","5","201145","1610612745","201569","84","80","","1610612745"
"287","415","06:11","[CLE 82-84] James Cutting Layup Shot: Made (24 PTS) Assist: Crowder (2 AST)","2","9","2","1","98","1","","1610612739","2544","84","82","203109","1610612739"
"288","417","05:54","[CLE] Smith Foul: Personal (3 PF) (2 FTA)","41","140","0","0","1","6","201935","1610612739","2747","84","82","","1610612745"
"289","419","05:54","[HOU] Harden Free Throw 1 of 2 Missed","0","-80","2","0","11","3","","1610612745","201935","84","82","","1610612745"
"290","420","05:54","[HOU] Team Rebound","0","-80","1","0","1","4","","1610612745","0","84","82","","1610612745"
"291","422","05:54","[HOU] Capela Substitution replaced by Nene","0","-80","0","0","0","8","","1610612745","203991","84","82","2403","1610612745"
"292","423","05:54","[HOU 85-82] Harden Free Throw 2 of 2 (27 PTS)","0","-80","1","0","12","3","","1610612745","201935","85","82","","1610612745"
"293","424","05:42","[CLE] Crowder Turnover : Bad Pass (2 TO) Steal:Gordon (1 ST)","-41","227","1","0","1","5","201569","1610612739","203109","85","82","","1610612739"
"294","426","05:37","[HOU 87-82] Nene Cutting Dunk Shot: Made (10 PTS) Assist: Harden (10 AST)","1","12","2","1","108","1","","1610612745","2403","87","82","201935","1610612745"
"295","428","05:19","[CLE 84-87] Shumpert Pullup Jump shot: Made (7 PTS)","-183","78","2","0","79","1","","1610612739","202697","87","84","","1610612739"
"296","429","05:03","Stoppage: Out-of-Bounds","0","-80","0","0","3","20","","0","0","87","84","","1610612745"
"297","430","04:58","[HOU] Harden 3pt Shot: Missed","-9","297","3","0","1","2","","1610612745","201935","87","84","","1610612745"
"298","431","04:55","[HOU] Tucker Rebound (Off:1 Def:0)","-9","297","1","0","0","4","","1610612745","200782","87","84","","1610612745"
"299","432","04:48","[HOU] Harden Foul: Offensive Charge (4 PF)","-91","101","0","0","26","6","203109","1610612745","201935","87","84","","1610612745"
"300","434","04:48","[HOU] Harden Turnover : Offensive Foul Turnover (4 TO)","-91","101","0","0","37","5","","1610612745","201935","87","84","","1610612745"
"301","435","04:40","[CLE 87-87] Green 3pt Shot: Made (23 PTS) Assist: James (4 AST)","134","218","3","0","1","1","","1610612739","201145","87","87","2544","1610612739"
"302","437","04:22","[HOU 89-87] Gordon Driving Layup Shot: Made (19 PTS)","-13","5","2","0","6","1","","1610612745","201569","89","87","","1610612745"
"303","438","04:22","[CLE] Green Foul: Shooting (3 PF) (1 FTA)","-9","12","0","0","2","6","201569","1610612739","201145","89","87","","1610612739"
"304","440","04:22","[HOU 90-87] Gordon Free Throw 1 of 1 (20 PTS)","0","-80","1","0","10","3","","1610612745","201569","90","87","","1610612745"
"305","441","04:11","[CLE 89-90] Green Pullup Jump shot: Made (25 PTS) Assist: James (5 AST)","85","143","2","0","79","1","","1610612739","201145","90","89","2544","1610612739"
"306","443","03:50","[CLE] Crowder Foul: Shooting (4 PF) (2 FTA)","-44","796","0","0","2","6","200782","1610612739","203109","90","89","","1610612745"
"307","445","03:50","[HOU] Tucker Free Throw 1 of 2 Missed","0","-80","2","0","11","3","","1610612745","200782","90","89","","1610612745"
"308","446","03:50","[HOU] Team Rebound","0","-80","1","0","1","4","","1610612745","0","90","89","","1610612745"
"309","448","03:50","[HOU] Gordon Substitution replaced by Anderson","0","-80","0","0","0","8","","1610612745","201569","90","89","201583","1610612745"
"310","449","03:50","[HOU 91-89] Tucker Free Throw 2 of 2 (6 PTS)","0","-80","1","0","12","3","","1610612745","200782","91","89","","1610612745"
"311","450","03:28","[CLE] Smith Driving Layup Shot: Missed","4","12","2","0","6","2","","1610612739","2747","91","89","","1610612739"
"312","451","03:26","[HOU] Nene Rebound (Off:0 Def:2)","4","12","0","0","0","4","","1610612745","2403","91","89","","1610612739"
"313","452","03:09","[HOU] Harden Turnover : Bad Pass (5 TO) Steal:Crowder (1 ST)","-10","156","1","0","1","5","203109","1610612745","201935","91","89","","1610612745"
"314","454","03:07","[CLE] Crowder Turnover : Out of Bounds Lost Ball Turnover (3 TO)","-226","330","0","0","40","5","","1610612739","203109","91","89","","1610612739"
"315","455","03:07","[HOU] Team Timeout : Regular","0","-80","0","0","1","9","","1610612745","1610612745","91","89","","1610612745"
"316","457","03:07","[CLE] Crowder Substitution replaced by Wade","0","-80","0","0","0","8","","1610612739","203109","91","89","2548","1610612745"
"317","458","02:55","[HOU] Anderson 3pt Shot: Missed","50","254","3","0","80","2","","1610612745","201583","91","89","","1610612745"
"318","459","02:52","[HOU] Tucker Rebound (Off:2 Def:0)","50","254","1","0","0","4","","1610612745","200782","91","89","","1610612745"
"319","460","02:52","[HOU 93-89] Tucker Putback Layup Shot: Made (8 PTS)","-2","14","2","0","72","1","","1610612745","200782","93","89","","1610612745"
"320","461","02:41","[HOU] Tucker Foul: Personal Block (4 PF)","-6","59","0","0","27","6","2544","1610612745","200782","93","89","","1610612739"
"321","463","02:27","[CLE] James Turnover : Bad Pass (7 TO) Steal:Ariza (2 ST)","151","53","1","0","1","5","2772","1610612739","2544","93","89","","1610612739"
"322","465","02:13","[HOU 96-89] Harden 3pt Shot: Made (30 PTS)","0","285","3","0","80","1","","1610612745","201935","96","89","","1610612745"
"323","466","01:52","[CLE 91-96] Wade Pullup Jump shot: Made (4 PTS) Assist: Green (2 AST)","0","187","2","0","79","1","","1610612739","2548","96","91","201145","1610612739"
"324","468","01:30","[CLE] Shumpert Foul: Personal (4 PF) (2 FTA)","8","239","0","0","1","6","2772","1610612739","202697","96","91","","1610612745"
"325","470","01:30","[HOU 97-91] Ariza Free Throw 1 of 2 (16 PTS)","0","-80","1","0","11","3","","1610612745","2772","97","91","","1610612745"
"326","472","01:30","[CLE] Shumpert Substitution replaced by Korver","0","-80","0","0","0","8","","1610612739","202697","97","91","2594","1610612745"
"327","473","01:30","[HOU 98-91] Ariza Free Throw 2 of 2 (17 PTS)","0","-80","1","0","12","3","","1610612745","2772","98","91","","1610612745"
"328","474","01:12","[CLE 93-98] Wade Step Back Jump shot: Made (6 PTS)","-54","179","2","0","80","1","","1610612739","2548","98","93","","1610612739"
"329","475","00:46.0","[HOU] Harden Step Back Jump shot: Missed","-4","228","2","0","80","2","","1610612745","201935","98","93","","1610612745"
"330","476","00:41.6","[CLE] Green Rebound (Off:0 Def:3)","-4","228","0","0","0","4","","1610612739","201145","98","93","","1610612745"
"331","477","00:31.0","[CLE] James Foul: Offensive Charge (3 PF)","-19","42","0","0","26","6","201935","1610612739","2544","98","93","","1610612739"
"332","479","00:31.0","[CLE] James Turnover : Offensive Foul Turnover (8 TO)","-19","42","0","0","37","5","","1610612739","2544","98","93","","1610612739"
"333","481","00:31.0","[HOU] Nene Substitution replaced by Gordon","0","-80","0","0","0","8","","1610612745","2403","98","93","201569","1610612745"
"334","482","00:11.0","[CLE] Smith Foul: Shooting (4 PF) (2 FTA)","-92","92","0","0","2","6","201935","1610612739","2747","98","93","","1610612745"
"335","484","00:11.0","[HOU 99-93] Harden Free Throw 1 of 2 (31 PTS)","0","-80","1","0","11","3","","1610612745","201935","99","93","","1610612745"
"336","486","00:11.0","[HOU] Anderson Substitution replaced by Capela","0","-80","0","0","0","8","","1610612745","201583","99","93","203991","1610612745"
"337","487","00:11.0","[HOU 100-93] Harden Free Throw 2 of 2 (32 PTS)","0","-80","1","0","12","3","","1610612745","201935","100","93","","1610612745"
"338","488","00:02.0","[CLE] James Driving Hook Shot: Missed","27","26","2","0","57","2","","1610612739","2544","100","93","","1610612739"
"339","489","00:02.0","[HOU] Tucker Rebound (Off:2 Def:1)","27","26","0","0","0","4","","1610612745","200782","100","93","","1610612739"
"340","490","00:00.0","[HOU] Ariza 3pt Shot: Missed","96","598","3","0","1","2","","1610612745","2772","100","93","","1610612745"
"341","491","00:00.0","[HOU] Team Rebound","96","598","1","0","0","4","","1610612745","0","100","93","","1610612745"
"342","492","00:00.0","End Period","0","-80","0","0","0","13","","0","0","100","93","","1610612745"
"343","497","12:00","Start Period","0","-80","0","0","0","12","","0","0","100","93","","1610612745"
"344","498","11:46","[HOU] Gordon Turnover : Bad Pass (4 TO) Steal:James (1 ST)","34","306","1","0","1","5","2544","1610612745","201569","100","93","","1610612745"
"345","502","11:28","[CLE] Love Foul: Offensive Charge (5 PF)","28","672","0","0","26","6","200782","1610612739","201567","100","93","","1610612739"
"346","504","11:28","[CLE] Love Turnover : Offensive Foul Turnover (3 TO)","28","672","0","0","37","5","","1610612739","201567","100","93","","1610612739"
"347","505","11:28","[CLE] James Foul: Personal (4 PF)","3","210","0","0","1","6","201569","1610612739","2544","100","93","","1610612745"
"348","507","11:28","[CLE] James Turnover : No Turnover (9 TO)","3","210","0","0","0","5","","1610612739","2544","100","93","","1610612739"
"349","508","11:15","[HOU] Harden 3pt Shot: Missed","-118","260","3","0","80","2","","1610612745","201935","100","93","","1610612745"
"350","509","11:12","[HOU] Capela Rebound (Off:2 Def:5)","-118","260","1","0","0","4","","1610612745","203991","100","93","","1610612745"
"351","510","11:09","[HOU] Gordon Turnover : Out of Bounds - Bad Pass Turnover (5 TO)","143","138","0","0","45","5","","1610612745","201569","100","93","","1610612745"
"352","511","11:01","[HOU] Gordon Foul: Personal (2 PF)","-105","108","0","0","1","6","2594","1610612745","201569","100","93","","1610612739"
"353","513","10:51","[CLE] Wade Pullup Jump shot: Missed","-163","117","2","0","79","2","","1610612739","2548","100","93","","1610612739"
"354","514","10:47","[CLE] Team Rebound","-163","117","1","0","0","4","","1610612739","0","100","93","","1610612739"
"355","515","10:48","[HOU] Capela Foul: Loose Ball (4 PF)","57","771","0","0","3","6","201567","1610612745","203991","100","93","","1610612739"
"356","518","10:33","[CLE 96-100] Love 3pt Shot: Made (15 PTS) Assist: James (6 AST)","103","236","3","0","1","1","","1610612739","201567","100","96","2544","1610612739"
"357","520","10:23","[HOU] Capela Cutting Layup Shot: Missed","-15","20","2","0","98","2","2544","1610612745","203991","100","96","","1610612745"
"358","522","10:18","[HOU] Capela Rebound (Off:3 Def:5)","-15","20","1","0","0","4","","1610612745","203991","100","96","","1610612745"
"359","523","10:17","[HOU 102-96] Capela Putback Dunk Shot: Made (10 PTS)","3","14","2","0","87","1","","1610612745","203991","102","96","","1610612745"
"360","524","10:08","[CLE] Green Jump Shot: Missed","-134","183","2","0","1","2","","1610612739","201145","102","96","","1610612739"
"361","525","10:08","[HOU] Capela Rebound (Off:3 Def:6)","-144","211","0","0","0","4","","1610612745","203991","102","96","","1610612739"
"362","526","10:01","[HOU 105-96] Harden 3pt Shot: Made (35 PTS)","51","249","3","0","1","1","","1610612745","201935","105","96","","1610612745"
"363","527","10:00","[CLE] Team Timeout : Regular","0","-80","0","0","1","9","","1610612739","1610612739","105","96","","1610612739"
"364","528","09:45","[CLE 98-105] James Layup Shot: Made (26 PTS) Assist: Love (4 AST)","-18","16","2","0","5","1","","1610612739","2544","105","98","201567","1610612739"
"365","530","09:32","[HOU] Capela Foul: Offensive Charge (5 PF)","35","252","0","0","26","6","201145","1610612745","203991","105","98","","1610612745"
"366","532","09:32","[HOU] Capela Turnover : Offensive Foul Turnover (3 TO)","35","252","0","0","37","5","","1610612745","203991","105","98","","1610612745"
"367","533","09:11","[CLE] James 3pt Shot: Missed","226","11","3","0","79","2","","1610612739","2544","105","98","","1610612739"
"368","534","09:09","[HOU] Harden Rebound (Off:1 Def:7)","226","11","0","0","0","4","","1610612745","201935","105","98","","1610612739"
"369","535","09:04","[CLE] Wade Foul: Shooting (1 PF) (2 FTA)","-1","772","0","0","2","6","203991","1610612739","2548","105","98","","1610612745"
"370","537","09:04","[HOU] Capela Free Throw 1 of 2 Missed","0","-80","2","0","11","3","","1610612745","203991","105","98","","1610612745"
"371","538","09:04","[HOU] Team Rebound","0","-80","1","0","1","4","","1610612745","0","105","98","","1610612745"
"372","540","09:04","[HOU] Anderson Substitution replaced by Ariza","0","-80","0","0","0","8","","1610612745","201583","105","98","2772","1610612745"
"373","541","09:04","[HOU 106-98] Capela Free Throw 2 of 2 (11 PTS)","0","-80","1","0","12","3","","1610612745","203991","106","98","","1610612745"
"374","542","08:50","[CLE] Green Cutting Layup Shot: Missed","20","25","2","0","98","2","201935","1610612739","201145","106","98","","1610612739"
"375","544","08:47","[HOU] Harden Rebound (Off:1 Def:8)","20","25","0","0","0","4","","1610612745","201935","106","98","","1610612739"
"376","545","08:43","[HOU] Ariza 3pt Shot: Missed","-227","19","3","0","1","2","","1610612745","2772","106","98","","1610612745"
"377","546","08:40","[HOU] Capela Rebound (Off:4 Def:6)","-227","19","1","0","0","4","","1610612745","203991","106","98","","1610612745"
"378","547","08:32","[HOU 108-98] Capela Alley Oop Dunk Shot: Made (13 PTS) Assist: Harden (11 AST)","9","13","2","0","52","1","","1610612745","203991","108","98","201935","1610612745"
"379","549","08:15","[CLE] Love 3pt Shot: Missed","-192","173","3","0","1","2","","1610612739","201567","108","98","","1610612739"
"380","550","08:12","[HOU] Tucker Rebound (Off:2 Def:2)","-192","173","0","0","0","4","","1610612745","200782","108","98","","1610612739"
"381","551","08:02","[HOU 111-98] Tucker 3pt Shot: Made (11 PTS) Assist: Harden (12 AST)","-51","256","3","0","1","1","","1610612745","200782","111","98","201935","1610612745"
"382","553","07:39","Stoppage: Out-of-Bounds","0","-80","0","0","3","20","","0","0","111","98","","1610612739"
"383","554","07:34","[CLE 101-111] James 3pt Shot: Made (29 PTS)","165","209","3","0","79","1","","1610612739","2544","111","101","","1610612739"
"384","555","07:06","[HOU] Gordon 3pt Shot: Missed","128","275","3","0","1","2","","1610612745","201569","111","101","","1610612745"
"385","556","07:04","[CLE] Wade Rebound (Off:0 Def:2)","128","275","0","0","0","4","","1610612739","2548","111","101","","1610612745"
"386","557","06:57","[CLE] Wade Step Back Jump shot: Missed","-143","72","2","0","80","2","","1610612739","2548","111","101","","1610612739"
"387","558","06:53","[HOU] Harden Rebound (Off:1 Def:9)","-143","72","0","0","0","4","","1610612745","201935","111","101","","1610612739"
"388","559","06:50","[HOU] Harden Running Layup Shot: Missed","-4","13","2","0","41","2","","1610612745","201935","111","101","","1610612745"
"389","560","06:50","[CLE] James Rebound (Off:0 Def:3)","-4","13","0","0","0","4","","1610612739","2544","111","101","","1610612745"
"390","561","06:42","[CLE 103-111] Wade Running Pull-Up Jump Shot: Made (8 PTS) Assist: James (7 AST)","-25","10","2","1","103","1","","1610612739","2548","111","103","2544","1610612739"
"391","563","06:42","[HOU] Team Timeout : Regular","0","-80","0","0","1","9","","1610612745","1610612745","111","103","","1610612745"
"392","565","06:42","[CLE] James Substitution replaced by Smith","0","-80","0","0","0","8","","1610612739","2544","111","103","2747","1610612745"
"393","566","06:23","[HOU] Harden 3pt Shot: Missed","58","286","3","0","1","2","","1610612745","201935","111","103","","1610612745"
"394","567","06:20","[HOU] Tucker Rebound (Off:3 Def:2)","58","286","1","0","0","4","","1610612745","200782","111","103","","1610612745"
"395","568","06:02","[HOU] Tucker 3pt Shot: Missed","-222","25","3","0","1","2","","1610612745","200782","111","103","","1610612745"
"396","569","05:59","[HOU] Capela Rebound (Off:5 Def:6)","-222","25","1","0","0","4","","1610612745","203991","111","103","","1610612745"
"397","570","05:57","[HOU] Ariza 3pt Shot: Missed","-166","197","3","0","1","2","","1610612745","2772","111","103","","1610612745"
"398","571","05:53","[HOU] Tucker Rebound (Off:4 Def:2)","-166","197","1","0","0","4","","1610612745","200782","111","103","","1610612745"
"399","572","05:43","[CLE] Green Foul: Personal (4 PF)","-42","167","0","0","1","6","201935","1610612739","201145","111","103","","1610612745"
"400","574","05:35","[HOU] Gordon 3pt Shot: Missed","154","222","3","0","1","2","","1610612745","201569","111","103","","1610612745"
"401","575","05:34","[HOU] Team Rebound","154","222","1","0","0","4","","1610612745","0","111","103","","1610612745"
"402","576","05:22","[HOU] Ariza 3pt Shot: Missed","142","223","3","0","1","2","","1610612745","2772","111","103","","1610612745"
"403","577","05:19","[CLE] Korver Rebound (Off:0 Def:2)","142","223","0","0","0","4","","1610612739","2594","111","103","","1610612745"
"404","578","05:08","[HOU] Ariza Foul: Personal (4 PF)","-143","85","0","0","1","6","201567","1610612745","2772","111","103","","1610612739"
"405","580","05:03","[HOU] Tucker Foul: Personal (5 PF)","-152","67","0","0","1","6","201567","1610612745","200782","111","103","","1610612739"
"406","583","05:03","[HOU] Tucker Substitution replaced by Anderson","0","-80","0","0","0","8","","1610612745","200782","111","103","201583","1610612739"
"407","584","04:56","[CLE] Love Turnover : Traveling (4 TO)","-138","94","0","0","4","5","","1610612739","201567","111","103","","1610612739"
"408","585","04:45","[CLE] Wade Foul: Shooting (2 PF) (2 FTA)","2","46","0","0","2","6","203991","1610612739","2548","111","103","","1610612745"
"409","587","04:45","[HOU] Capela Free Throw 1 of 2 Missed","0","-80","2","0","11","3","","1610612745","203991","111","103","","1610612745"
"410","588","04:45","[HOU] Team Rebound","0","-80","1","0","1","4","","1610612745","0","111","103","","1610612745"
"411","591","04:45","[CLE] Wade Substitution replaced by James","0","-80","0","0","0","8","","1610612739","2548","111","103","2544","1610612745"
"412","592","04:45","[CLE] Korver Substitution replaced by Shumpert","0","-80","0","0","0","8","","1610612739","2594","111","103","202697","1610612745"
"413","593","04:45","[HOU 112-103] Capela Free Throw 2 of 2 (14 PTS)","0","-80","1","0","12","3","","1610612745","203991","112","103","","1610612745"
"414","594","04:22","[CLE] Shumpert 3pt Shot: Missed","231","17","3","0","1","2","","1610612739","202697","112","103","","1610612739"
"415","595","04:19","[HOU] Capela Rebound (Off:5 Def:7)","231","17","0","0","0","4","","1610612745","203991","112","103","","1610612739"
"416","596","04:15","[HOU] Capela Turnover : Bad Pass (4 TO) Steal:Smith (1 ST)","77","622","1","0","1","5","2747","1610612745","203991","112","103","","1610612745"
"417","598","04:11","[CLE] Smith 3pt Shot: Missed","-143","210","3","0","1","2","","1610612739","2747","112","103","","1610612739"
"418","599","04:09","[CLE] Love Rebound (Off:2 Def:3)","-143","210","1","0","0","4","","1610612739","201567","112","103","","1610612739"
"419","600","04:08","[CLE] Love Putback Layup Shot: Missed","0","12","2","0","72","2","","1610612739","201567","112","103","","1610612739"
"420","601","04:08","[HOU] Harden Rebound (Off:1 Def:10)","0","12","0","0","0","4","","1610612745","201935","112","103","","1610612739"
"421","602","03:57","Stoppage: Out-of-Bounds","0","-80","0","0","3","20","","0","0","112","103","","1610612745"
"422","603","03:46","[HOU] Gordon Pullup Jump shot: Missed","-190","94","2","0","79","2","","1610612745","201569","112","103","","1610612745"
"423","604","03:44","[CLE] Smith Rebound (Off:0 Def:1)","-190","94","0","0","0","4","","1610612739","2747","112","103","","1610612745"
"424","605","03:39","[CLE 105-112] Smith Driving Layup Shot: Made (13 PTS)","-8","64","2","0","6","1","","1610612739","2747","112","105","","1610612739"
"425","606","03:39","[HOU] Capela Violation:Defensive Goaltending","0","-80","0","0","2","7","","1610612745","203991","112","105","","1610612745"
"426","607","03:39","[HOU] Team Timeout : Regular","0","-80","0","0","1","9","","1610612745","1610612745","112","105","","1610612745"
"427","609","03:39","[HOU] Anderson Substitution replaced by Tucker","0","-80","0","0","0","8","","1610612745","201583","112","105","200782","1610612745"
"428","610","03:26","[HOU] Gordon 3pt Shot: Missed","11","273","3","0","1","2","","1610612745","201569","112","105","","1610612745"
"429","611","03:24","[CLE] Love Rebound (Off:2 Def:4)","11","273","0","0","0","4","","1610612739","201567","112","105","","1610612745"
"430","612","03:18","[CLE] Smith Turnover : Bad Pass (1 TO) Steal:Gordon (2 ST)","116","225","1","0","1","5","201569","1610612739","2747","112","105","","1610612739"
"431","614","03:12","[HOU] Capela Foul: Offensive Charge (6 PF)","-37","133","0","0","26","6","2747","1610612745","203991","112","105","","1610612745"
"432","616","03:12","[HOU] Capela Turnover : Offensive Foul Turnover (5 TO)","-37","133","0","0","37","5","","1610612745","203991","112","105","","1610612745"
"433","618","03:12","[HOU] Capela Substitution replaced by Anderson","0","-80","0","0","0","8","","1610612745","203991","112","105","201583","1610612739"
"434","619","02:52","[CLE 107-112] James Driving Layup Shot: Made (31 PTS)","-17","22","2","0","6","1","","1610612739","2544","112","107","","1610612739"
"435","620","02:33","[HOU] Harden 3pt Shot: Missed","0","270","3","0","80","2","","1610612745","201935","112","107","","1610612745"
"436","621","02:30","[CLE] James Rebound (Off:0 Def:4)","0","270","0","0","0","4","","1610612739","2544","112","107","","1610612745"
"437","622","02:16","[CLE] James 3pt Shot: Missed","-192","187","3","0","79","2","","1610612739","2544","112","107","","1610612739"
"438","623","02:15","[CLE] Team Rebound","-192","187","1","0","0","4","","1610612739","0","112","107","","1610612739"
"439","624","02:15","[HOU] Gordon Foul: Loose Ball (3 PF) (2 FTA)","63","61","0","0","3","6","201567","1610612745","201569","112","107","","1610612739"
"440","626","02:15","[CLE 108-112] Love Free Throw 1 of 2 (16 PTS)","0","-80","1","0","11","3","","1610612739","201567","112","108","","1610612739"
"441","628","02:15","[HOU] Anderson Substitution replaced by Capela","0","-80","0","0","0","8","","1610612745","201583","112","108","203991","1610612739"
"442","629","02:15","[CLE 109-112] Love Free Throw 2 of 2 (17 PTS)","0","-80","1","0","12","3","","1610612739","201567","112","109","","1610612739"
"443","630","02:01","[CLE] Love Foul: Shooting (6 PF) (2 FTA)","24","789","0","0","2","6","203991","1610612739","201567","112","109","","1610612745"
"444","633","02:01","[CLE] Love Substitution replaced by Crowder","0","-80","0","0","0","8","","1610612739","201567","112","109","203109","1610612745"
"445","634","02:01","[HOU] Capela Free Throw 1 of 2 Missed","0","-80","2","0","11","3","","1610612745","203991","112","109","","1610612745"
"446","635","02:01","[HOU] Team Rebound","0","-80","1","0","1","4","","1610612745","0","112","109","","1610612745"
"447","636","02:01","[HOU] Capela Free Throw 2 of 2 Missed","0","-80","2","0","12","3","","1610612745","203991","112","109","","1610612745"
"448","637","01:57","[CLE] Green Rebound (Off:0 Def:4)","0","-80","0","0","0","4","","1610612739","201145","112","109","","1610612745"
"449","638","01:39","[CLE 111-112] Green Pullup Jump shot: Made (27 PTS)","-5","232","2","0","79","1","","1610612739","201145","112","111","","1610612739"
"450","639","01:15","[HOU] Harden Driving Finger Roll Layup Shot: Missed","-5","50","2","0","75","2","","1610612745","201935","112","111","","1610612745"
"451","640","01:11","[HOU] Tucker Rebound (Off:5 Def:2)","-5","50","1","0","0","4","","1610612745","200782","112","111","","1610612745"
"452","641","01:10","[HOU 114-111] Capela Alley Oop Dunk Shot: Made (16 PTS) Assist: Harden (13 AST)","2","9","2","0","52","1","","1610612745","203991","114","111","201935","1610612745"
"453","643","01:10","[CLE] Green Foul: Shooting (5 PF) (1 FTA)","1","8","0","0","2","6","203991","1610612739","201145","114","111","","1610612739"
"454","645","01:10","[HOU 115-111] Capela Free Throw 1 of 1 (17 PTS)","0","-80","1","0","10","3","","1610612745","203991","115","111","","1610612745"
"455","646","01:02","Stoppage: Out-of-Bounds","0","-80","0","0","3","20","","0","0","115","111","","1610612739"
"456","648","01:02","Instant Replay - Support Ruling","0","-80","0","0","0","18","","0","0","115","111","","1610612739"
"457","649","00:57.2","[CLE 113-115] James Driving Layup Shot: Made (33 PTS)","-13","10","2","0","6","1","","1610612739","2544","115","113","","1610612739"
"458","650","00:35.1","[HOU] Harden 3pt Shot: Missed","-32","261","3","0","80","2","","1610612745","201935","115","113","","1610612745"
"459","651","00:30.5","[HOU] Tucker Rebound (Off:6 Def:2)","-32","261","1","0","0","4","","1610612745","200782","115","113","","1610612745"
"460","652","00:12.1","[HOU] Harden Step Back Jump shot: Missed","-95","151","2","0","80","2","","1610612745","201935","115","113","","1610612745"
"461","653","00:10.7","[HOU] Capela Rebound (Off:6 Def:7)","-95","151","1","0","0","4","","1610612745","203991","115","113","","1610612745"
"462","654","00:10.7","[HOU 117-113] Capela Putback Layup Shot: Made (19 PTS)","-8","9","2","0","72","1","","1610612745","203991","117","113","","1610612745"
"463","655","00:10.7","[CLE] Team Timeout : Regular","0","-80","0","0","1","9","","1610612739","1610612739","117","113","","1610612739"
"464","657","00:10.7","[CLE] Crowder Substitution replaced by Korver","0","-80","0","0","0","8","","1610612739","203109","117","113","2594","1610612739"
"465","658","00:05.0","[CLE] James Layup Shot: Missed","9","98","2","0","5","2","203991","1610612739","2544","117","113","","1610612739"
"466","660","00:01.4","[CLE] Green Rebound (Off:1 Def:4)","9","98","1","0","0","4","","1610612739","201145","117","113","","1610612739"
"467","661","00:00.0","[CLE] Green 3pt Shot: Missed","-228","16","3","0","1","2","","1610612739","201145","117","113","","1610612739"
"468","662","00:00.0","[HOU] Tucker Rebound (Off:6 Def:3)","-228","16","0","0","0","4","","1610612745","200782","117","113","","1610612739"
"469","663","00:00.0","End Period","0","-80","0","0","0","13","","0","0","117","113","","1610612745"
"470","664","00:00.0","Game End","0","-80","0","0","0","0","","0","0","117","113","","0"
